location,iso_code,date,total_vaccinations,people_vaccinated,people_fully_vaccinated,total_boosters,daily_vaccinations_raw,daily_vaccinations,total_vaccinations_per_hundred,people_vaccinated_per_hundred,people_fully_vaccinated_per_hundred,total_boosters_per_hundred,daily_vaccinations_per_million,daily_people_vaccinated,daily_people_vaccinated_per_hundred
Dominican Republic,DOM,15/02/2021,0,0,NA,NA,NA,NA,0,0,NA,NA,NA,NA,NA
Dominican Republic,DOM,16/02/2021,385,385,NA,NA,385,385,0,0,NA,NA,34,385,0.003
Dominican Republic,DOM,17/02/2021,1379,1379,NA,NA,994,690,0.01,0.01,NA,NA,61,690,0.006
Dominican Republic,DOM,18/02/2021,5328,5328,NA,NA,3949,1776,0.05,0.05,NA,NA,158,1776,0.016
Dominican Republic,DOM,19/02/2021,10200,10200,NA,NA,4872,2550,0.09,0.09,NA,NA,227,2550,0.023
Dominican Republic,DOM,20/02/2021,13087,13087,NA,NA,2887,2617,0.12,0.12,NA,NA,233,2617,0.023
Dominican Republic,DOM,21/02/2021,14264,14264,NA,NA,1177,2377,0.13,0.13,NA,NA,212,2377,0.021
Dominican Republic,DOM,22/02/2021,NA,NA,NA,NA,NA,2616,NA,NA,NA,NA,233,2616,0.023
Dominican Republic,DOM,23/02/2021,NA,NA,NA,NA,NA,3139,NA,NA,NA,NA,280,3139,0.028
Dominican Republic,DOM,24/02/2021,26400,26400,NA,NA,NA,3574,0.24,0.24,NA,NA,318,3574,0.032
Dominican Republic,DOM,25/02/2021,NA,NA,NA,NA,NA,3970,NA,NA,NA,NA,354,3970,0.035
Dominican Republic,DOM,26/02/2021,NA,NA,NA,NA,NA,4234,NA,NA,NA,NA,377,4234,0.038
Dominican Republic,DOM,27/02/2021,NA,NA,NA,NA,NA,4782,NA,NA,NA,NA,426,4782,0.043
Dominican Republic,DOM,28/02/2021,NA,NA,NA,NA,NA,5574,NA,NA,NA,NA,496,5574,0.05
Dominican Republic,DOM,01/03/2021,60000,60000,NA,NA,NA,5956,0.53,0.53,NA,NA,530,5956,0.053
Dominican Republic,DOM,02/03/2021,105000,105000,NA,NA,45000,11806,0.94,0.94,NA,NA,1051,11806,0.105
Dominican Republic,DOM,03/03/2021,161827,161827,NA,NA,56827,19347,1.44,1.44,NA,NA,1723,19347,0.172
Dominican Republic,DOM,04/03/2021,227719,227719,NA,NA,65892,27800,2.03,2.03,NA,NA,2476,27800,0.248
Dominican Republic,DOM,05/03/2021,303490,303490,NA,NA,75771,37664,2.7,2.7,NA,NA,3354,37664,0.335
Dominican Republic,DOM,06/03/2021,375265,375265,NA,NA,71775,46958,3.34,3.34,NA,NA,4182,46958,0.418
Dominican Republic,DOM,07/03/2021,NA,NA,NA,NA,NA,47768,NA,NA,NA,NA,4254,47768,0.425
Dominican Republic,DOM,08/03/2021,400041,400041,NA,NA,NA,48577,3.56,3.56,NA,NA,4326,48577,0.433
Dominican Republic,DOM,09/03/2021,480237,480237,NA,NA,80196,53605,4.28,4.28,NA,NA,4774,53605,0.477
Dominican Republic,DOM,10/03/2021,547091,547091,NA,NA,66854,55038,4.87,4.87,NA,NA,4901,55038,0.49
Dominican Republic,DOM,11/03/2021,606006,606006,NA,NA,58915,54041,5.4,5.4,NA,NA,4813,54041,0.481
Dominican Republic,DOM,12/03/2021,NA,NA,NA,NA,NA,45681,NA,NA,NA,NA,4068,45681,0.407
Dominican Republic,DOM,13/03/2021,NA,NA,NA,NA,NA,37891,NA,NA,NA,NA,3374,37891,0.337
Dominican Republic,DOM,14/03/2021,NA,NA,NA,NA,NA,38586,NA,NA,NA,NA,3436,38586,0.344
Dominican Republic,DOM,15/03/2021,675000,675000,NA,NA,NA,39280,6.01,6.01,NA,NA,3498,39280,0.35
Dominican Republic,DOM,16/03/2021,NA,NA,NA,NA,NA,30055,NA,NA,NA,NA,2677,30055,0.268
Dominican Republic,DOM,17/03/2021,NA,NA,NA,NA,NA,22737,NA,NA,NA,NA,2025,22737,0.202
Dominican Republic,DOM,18/03/2021,NA,NA,NA,NA,NA,16553,NA,NA,NA,NA,1474,16553,0.147
Dominican Republic,DOM,19/03/2021,NA,NA,NA,NA,NA,16321,NA,NA,NA,NA,1453,16321,0.145
Dominican Republic,DOM,20/03/2021,NA,NA,NA,NA,NA,16089,NA,NA,NA,NA,1433,16089,0.143
Dominican Republic,DOM,21/03/2021,NA,NA,NA,NA,NA,15857,NA,NA,NA,NA,1412,15857,0.141
Dominican Republic,DOM,22/03/2021,NA,NA,NA,NA,NA,15625,NA,NA,NA,NA,1392,15625,0.139
Dominican Republic,DOM,23/03/2021,8.00E+05,8.00E+05,NA,NA,NA,15625,7.12,7.12,NA,NA,1392,15625,0.139
Dominican Republic,DOM,24/03/2021,NA,NA,NA,NA,NA,15655,NA,NA,NA,NA,1394,14545,0.13
Dominican Republic,DOM,25/03/2021,NA,NA,NA,NA,NA,15686,NA,NA,NA,NA,1397,13466,0.12
Dominican Republic,DOM,26/03/2021,NA,NA,NA,NA,NA,15716,NA,NA,NA,NA,1400,12386,0.11
Dominican Republic,DOM,27/03/2021,NA,NA,NA,NA,NA,15747,NA,NA,NA,NA,1402,11307,0.101
Dominican Republic,DOM,28/03/2021,NA,NA,NA,NA,NA,15777,NA,NA,NA,NA,1405,10227,0.091
Dominican Republic,DOM,29/03/2021,NA,NA,NA,NA,NA,15808,NA,NA,NA,NA,1408,9147,0.081
Dominican Republic,DOM,30/03/2021,910869,856474,54395,NA,NA,15838,8.11,7.63,0.48,NA,1410,8068,0.072
Dominican Republic,DOM,31/03/2021,NA,NA,NA,NA,NA,19281,NA,NA,NA,NA,1717,7424,0.066
Dominican Republic,DOM,01/04/2021,NA,NA,NA,NA,NA,22723,NA,NA,NA,NA,2024,6780,0.06
Dominican Republic,DOM,02/04/2021,NA,NA,NA,NA,NA,26166,NA,NA,NA,NA,2330,6137,0.055
Dominican Republic,DOM,03/04/2021,NA,NA,NA,NA,NA,29608,NA,NA,NA,NA,2637,5493,0.049
Dominican Republic,DOM,04/04/2021,NA,NA,NA,NA,NA,33050,NA,NA,NA,NA,2943,4849,0.043
Dominican Republic,DOM,05/04/2021,NA,NA,NA,NA,NA,36493,NA,NA,NA,NA,3250,4205,0.037
Dominican Republic,DOM,06/04/2021,NA,NA,NA,NA,NA,39935,NA,NA,NA,NA,3556,3562,0.032
Dominican Republic,DOM,07/04/2021,NA,NA,NA,NA,NA,39935,NA,NA,NA,NA,3556,3562,0.032
Dominican Republic,DOM,08/04/2021,NA,NA,NA,NA,NA,39935,NA,NA,NA,NA,3556,3562,0.032
Dominican Republic,DOM,09/04/2021,NA,NA,NA,NA,NA,39935,NA,NA,NA,NA,3556,3562,0.032
Dominican Republic,DOM,10/04/2021,NA,NA,NA,NA,NA,39935,NA,NA,NA,NA,3556,3562,0.032
Dominican Republic,DOM,11/04/2021,NA,NA,NA,NA,NA,39935,NA,NA,NA,NA,3556,3562,0.032
Dominican Republic,DOM,12/04/2021,NA,NA,NA,NA,NA,39935,NA,NA,NA,NA,3556,3562,0.032
Dominican Republic,DOM,13/04/2021,NA,NA,NA,NA,NA,39935,NA,NA,NA,NA,3556,3562,0.032
Dominican Republic,DOM,14/04/2021,1509898,909898,6.00E+05,NA,NA,39935,13.45,8.1,5.34,NA,3556,3562,0.032
Dominican Republic,DOM,15/04/2021,NA,NA,NA,NA,NA,37321,NA,NA,NA,NA,3324,4142,0.037
Dominican Republic,DOM,16/04/2021,NA,NA,NA,NA,NA,34706,NA,NA,NA,NA,3091,4723,0.042
Dominican Republic,DOM,17/04/2021,NA,NA,NA,NA,NA,32092,NA,NA,NA,NA,2858,5304,0.047
Dominican Republic,DOM,18/04/2021,NA,NA,NA,NA,NA,29478,NA,NA,NA,NA,2625,5885,0.052
Dominican Republic,DOM,19/04/2021,NA,NA,NA,NA,NA,26863,NA,NA,NA,NA,2392,6466,0.058
Dominican Republic,DOM,20/04/2021,NA,NA,NA,NA,NA,24249,NA,NA,NA,NA,2160,7047,0.063
Dominican Republic,DOM,21/04/2021,NA,NA,NA,NA,NA,21635,NA,NA,NA,NA,1927,7628,0.068
Dominican Republic,DOM,22/04/2021,NA,NA,NA,NA,NA,21635,NA,NA,NA,NA,1927,7628,0.068
Dominican Republic,DOM,23/04/2021,NA,NA,NA,NA,NA,21635,NA,NA,NA,NA,1927,7628,0.068
Dominican Republic,DOM,24/04/2021,NA,NA,NA,NA,NA,21635,NA,NA,NA,NA,1927,7628,0.068
Dominican Republic,DOM,25/04/2021,1747878,993804,754074,NA,NA,21635,15.57,8.85,6.72,NA,1927,7628,0.068
Dominican Republic,DOM,26/04/2021,1797346,1029281,768065,NA,49468,25611,16.01,9.17,6.84,NA,2281,11606,0.103
Dominican Republic,DOM,27/04/2021,1847261,1067830,779431,NA,49915,29651,16.45,9.51,6.94,NA,2641,16024,0.143
Dominican Republic,DOM,28/04/2021,1893836,1106733,787103,NA,46575,33214,16.87,9.86,7.01,NA,2958,20491,0.182
Dominican Republic,DOM,29/04/2021,1935500,1143669,791831,NA,41664,36075,17.24,10.19,7.05,NA,3213,24678,0.22
Dominican Republic,DOM,30/04/2021,1970018,1174227,795791,NA,34518,37916,17.54,10.46,7.09,NA,3377,27954,0.249
Dominican Republic,DOM,01/05/2021,1982185,1185502,796683,NA,12167,36563,17.65,10.56,7.09,NA,3256,28475,0.254
Dominican Republic,DOM,02/05/2021,1989384,1192415,796969,NA,7199,34501,17.72,10.62,7.1,NA,3073,28373,0.253
Dominican Republic,DOM,03/05/2021,2052662,1251674,800988,NA,63278,36474,18.28,11.15,7.13,NA,3248,31770,0.283
Dominican Republic,DOM,04/05/2021,2123703,1319445,804258,NA,71041,39492,18.91,11.75,7.16,NA,3517,35945,0.32
Dominican Republic,DOM,05/05/2021,2197153,1389890,807263,NA,73450,43331,19.57,12.38,7.19,NA,3859,40451,0.36
Dominican Republic,DOM,06/05/2021,2264381,1456488,807893,NA,67228,46983,20.17,12.97,7.19,NA,4184,44688,0.398
Dominican Republic,DOM,07/05/2021,2325108,1515063,810045,NA,60727,50727,20.71,13.49,7.21,NA,4518,48691,0.434
Dominican Republic,DOM,08/05/2021,2345528,1535083,810445,NA,20420,51906,20.89,13.67,7.22,NA,4623,49940,0.445
Dominican Republic,DOM,09/05/2021,2354281,1543725,810556,NA,8753,52128,20.97,13.75,7.22,NA,4642,50187,0.447
Dominican Republic,DOM,10/05/2021,2483629,1671046,812583,NA,129348,61567,22.12,14.88,7.24,NA,5483,59910,0.534
Dominican Republic,DOM,11/05/2021,2640409,1825500,814909,NA,156780,73815,23.51,16.26,7.26,NA,6574,72294,0.644
Dominican Republic,DOM,12/05/2021,2801356,1984662,816694,NA,160947,86315,24.95,17.67,7.27,NA,7687,84967,0.757
Dominican Republic,DOM,13/05/2021,2941030,2122713,818317,NA,139674,96664,26.19,18.9,7.29,NA,8609,95175,0.848
Dominican Republic,DOM,14/05/2021,3071487,2251255,820232,NA,130457,106626,27.35,20.05,7.3,NA,9496,105170,0.937
Dominican Republic,DOM,15/05/2021,3105105,2284580,820525,NA,33618,108511,27.65,20.35,7.31,NA,9664,107071,0.954
Dominican Republic,DOM,16/05/2021,3119820,2299179,820641,NA,14715,109363,27.78,20.48,7.31,NA,9739,107922,0.961
Dominican Republic,DOM,17/05/2021,NA,NA,NA,NA,NA,108806,NA,NA,NA,NA,9690,107301,0.956
Dominican Republic,DOM,18/05/2021,3370726,2545132,825594,NA,NA,104331,30.02,22.67,7.35,NA,9291,102805,0.916
Dominican Republic,DOM,19/05/2021,3488131,2658818,829313,NA,117405,98111,31.06,23.68,7.39,NA,8737,96308,0.858
Dominican Republic,DOM,20/05/2021,3593646,2748532,845114,NA,105515,93231,32,24.48,7.53,NA,8303,89403,0.796
Dominican Republic,DOM,21/05/2021,3694329,2822348,871981,NA,100683,88977,32.9,25.13,7.77,NA,7924,81585,0.727
Dominican Republic,DOM,22/05/2021,3725377,2845928,879449,NA,31048,88610,33.18,25.34,7.83,NA,7891,80193,0.714
Dominican Republic,DOM,23/05/2021,3739010,2855808,883202,NA,13633,88456,33.3,25.43,7.87,NA,7878,79518,0.708
Dominican Republic,DOM,24/05/2021,3845766,2932987,912779,NA,106756,85785,34.25,26.12,8.13,NA,7640,72976,0.65
Dominican Republic,DOM,25/05/2021,3948015,3003678,944337,NA,102249,82470,35.16,26.75,8.41,NA,7344,65507,0.583
Dominican Republic,DOM,26/05/2021,4041312,3064800,976512,NA,93297,79026,35.99,27.29,8.7,NA,7038,57997,0.517
Dominican Republic,DOM,27/05/2021,4121584,3115252,1006332,NA,80272,75420,36.71,27.74,8.96,NA,6717,52389,0.467
Dominican Republic,DOM,28/05/2021,4188983,3155232,1033751,NA,67399,70665,37.31,28.1,9.21,NA,6293,47555,0.424
Dominican Republic,DOM,29/05/2021,4210215,3169176,1041039,NA,21232,69263,37.49,28.22,9.27,NA,6168,46178,0.411
Dominican Republic,DOM,30/05/2021,4214163,3171332,1042831,NA,3948,67879,37.53,28.24,9.29,NA,6045,45075,0.401
Dominican Republic,DOM,31/05/2021,4311374,3223950,1087424,NA,97211,66515,38.4,28.71,9.68,NA,5924,41566,0.37
Dominican Republic,DOM,01/06/2021,4456516,3313861,1142655,NA,145142,72643,39.69,29.51,10.18,NA,6469,44312,0.395
Dominican Republic,DOM,02/06/2021,4625387,3424187,1201200,NA,168871,83439,41.19,30.49,10.7,NA,7431,51341,0.457
Dominican Republic,DOM,03/06/2021,4761529,3530338,1231191,NA,136142,91421,42.4,31.44,10.96,NA,8142,59298,0.528
Dominican Republic,DOM,04/06/2021,4989807,3687044,1302763,NA,228278,114403,44.44,32.84,11.6,NA,10188,75973,0.677
Dominican Republic,DOM,05/06/2021,5115370,3784461,1330909,NA,125563,129308,45.56,33.7,11.85,NA,11516,87898,0.783
Dominican Republic,DOM,06/06/2021,5197199,3848889,1348310,NA,81829,140434,46.28,34.28,12.01,NA,12507,96794,0.862
Dominican Republic,DOM,07/06/2021,5417069,3971831,1445238,NA,219870,157956,48.24,35.37,12.87,NA,14067,106840,0.951
Dominican Republic,DOM,08/06/2021,5656548,4091884,1564664,NA,239479,171433,50.38,36.44,13.93,NA,15267,111146,0.99
Dominican Republic,DOM,09/06/2021,5900600,4212646,1687954,NA,244052,182173,52.55,37.52,15.03,NA,16224,112637,1.003
Dominican Republic,DOM,10/06/2021,6050983,4223427,1827556,NA,150383,184208,53.89,37.61,16.28,NA,16405,99013,0.882
Dominican Republic,DOM,11/06/2021,6173811,4227940,1945871,NA,122828,169143,54.98,37.65,17.33,NA,15063,77271,0.688
Dominican Republic,DOM,12/06/2021,6219867,4241798,1978069,NA,46056,157785,55.39,37.78,17.62,NA,14052,65334,0.582
Dominican Republic,DOM,13/06/2021,6251341,4258343,1992998,NA,31474,150592,55.67,37.92,17.75,NA,13411,58493,0.521
Dominican Republic,DOM,14/06/2021,6370569,4272574,2097995,NA,119228,136214,56.73,38.05,18.68,NA,12131,42963,0.383
Dominican Republic,DOM,15/06/2021,6473104,4286397,2186707,NA,102535,116651,57.65,38.17,19.47,NA,10389,27788,0.247
Dominican Republic,DOM,16/06/2021,6553710,4301394,2252316,NA,80606,93301,58.37,38.31,20.06,NA,8309,12678,0.113
Dominican Republic,DOM,17/06/2021,6675351,4344495,2330856,NA,121641,89195,59.45,38.69,20.76,NA,7943,17295,0.154
Dominican Republic,DOM,18/06/2021,6835074,4422388,2412686,NA,159723,94466,60.87,39.38,21.49,NA,8413,27778,0.247
Dominican Republic,DOM,19/06/2021,6943666,4491478,2452188,NA,108592,103400,61.84,40,21.84,NA,9208,35669,0.318
Dominican Republic,DOM,20/06/2021,7012445,4541739,2470706,NA,68779,108729,62.45,40.45,22,NA,9683,40485,0.361
Dominican Republic,DOM,21/06/2021,7172478,4625991,2546487,NA,160033,114558,63.88,41.2,22.68,NA,10202,50488,0.45
Dominican Republic,DOM,22/06/2021,7301587,4691111,2610476,NA,129109,118355,65.03,41.78,23.25,NA,10540,57816,0.515
Dominican Republic,DOM,23/06/2021,7402235,4746498,2655737,NA,100648,121218,65.92,42.27,23.65,NA,10795,63586,0.566
Dominican Republic,DOM,24/06/2021,7482545,4790322,2692223,NA,80310,115313,66.64,42.66,23.98,NA,10269,63690,0.567
Dominican Republic,DOM,25/06/2021,7545508,4826862,2718646,NA,62963,101491,67.2,42.99,24.21,NA,9038,57782,0.515
Dominican Republic,DOM,26/06/2021,7569805,4842540,2727265,NA,24297,89448,67.41,43.13,24.29,NA,7966,50152,0.447
Dominican Republic,DOM,27/06/2021,7583057,4851699,2731358,NA,13252,81516,67.53,43.21,24.32,NA,7260,44280,0.394
Dominican Republic,DOM,28/06/2021,7653536,4883358,2770178,NA,70479,68723,68.16,43.49,24.67,NA,6120,36767,0.327
Dominican Republic,DOM,29/06/2021,7746038,4918071,2827967,NA,92502,63493,68.98,43.8,25.18,NA,5654,32423,0.289
Dominican Republic,DOM,30/06/2021,7842179,4949582,2892597,NA,96141,62849,69.84,44.08,25.76,NA,5597,29012,0.258
Dominican Republic,DOM,01/07/2021,NA,NA,NA,NA,NA,62605,NA,NA,NA,NA,5575,26074,0.232
Dominican Republic,DOM,02/07/2021,NA,NA,NA,NA,NA,64839,NA,NA,NA,NA,5774,24176,0.215
Dominican Republic,DOM,03/07/2021,8077985,5019355,3058630,5149,NA,72597,71.94,44.7,27.24,0.05,6465,25259,0.225
Dominican Republic,DOM,04/07/2021,8119502,5030094,3089408,7728,41517,76635,72.31,44.8,27.51,0.07,6825,25485,0.227
Dominican Republic,DOM,05/07/2021,8253816,5061730,3192086,14507,134314,85754,73.51,45.08,28.43,0.13,7637,25482,0.227
Dominican Republic,DOM,06/07/2021,8396449,5097374,3299075,25734,142633,92916,74.78,45.4,29.38,0.23,8275,25615,0.228
Dominican Republic,DOM,07/07/2021,8572939,5131732,3403094,38113,176490,104394,76.35,45.7,30.31,0.34,9297,26021,0.232
Dominican Republic,DOM,08/07/2021,8688523,5165832,3469190,53501,115584,109677,77.38,46.01,30.9,0.48,9767,27570,0.246
Dominican Republic,DOM,09/07/2021,8783843,5198112,3515118,70613,95320,112066,78.23,46.29,31.3,0.63,9980,28859,0.257
Dominican Republic,DOM,10/07/2021,8833615,5217103,3536178,80334,49772,107947,78.67,46.46,31.49,0.72,9613,28250,0.252
Dominican Republic,DOM,11/07/2021,8859966,5226733,3547663,85570,26351,105781,78.9,46.55,31.59,0.76,9420,28091,0.25
Dominican Republic,DOM,12/07/2021,8924052,5246674,3574258,103120,64086,95748,79.47,46.73,31.83,0.92,8527,26421,0.235
Dominican Republic,DOM,13/07/2021,8998508,5271104,3604070,123334,74456,86008,80.14,46.94,32.1,1.1,7660,24819,0.221
Dominican Republic,DOM,14/07/2021,9066151,5294786,3629728,141637,67643,70459,80.74,47.15,32.33,1.26,6275,23293,0.207
Dominican Republic,DOM,15/07/2021,9132857,5316275,3657968,158614,66706,63476,81.33,47.34,32.58,1.41,5653,21492,0.191
Dominican Republic,DOM,16/07/2021,9201783,5336442,3692082,173259,68926,59706,81.95,47.52,32.88,1.54,5317,19761,0.176
Dominican Republic,DOM,17/07/2021,9246631,5346011,3713656,186964,44848,59002,82.35,47.61,33.07,1.67,5255,18415,0.164
Dominican Republic,DOM,18/07/2021,9263829,5350169,3723277,190383,17198,57695,82.5,47.65,33.16,1.7,5138,17634,0.157
Dominican Republic,DOM,19/07/2021,9356203,5369886,3780347,205970,92374,61736,83.32,47.82,33.67,1.83,5498,17602,0.157
Dominican Republic,DOM,20/07/2021,9449137,5390472,3836969,221696,92934,64376,84.15,48.01,34.17,1.97,5733,17053,0.152
Dominican Republic,DOM,21/07/2021,9546340,5411771,3893882,240687,97203,68598,85.02,48.2,34.68,2.14,6109,16712,0.149
Dominican Republic,DOM,22/07/2021,9637523,5432072,3944218,261233,91183,72095,85.83,48.38,35.13,2.33,6421,16542,0.147
Dominican Republic,DOM,23/07/2021,9715081,5450751,3984498,279832,77558,73328,86.52,48.54,35.48,2.49,6530,16330,0.145
Dominican Republic,DOM,24/07/2021,9741271,5458029,3996388,286854,26190,70663,86.75,48.61,35.59,2.55,6293,16003,0.143
Dominican Republic,DOM,25/07/2021,9746981,5459382,3999041,288558,5710,69022,86.8,48.62,35.61,2.57,6147,15602,0.139
Dominican Republic,DOM,26/07/2021,9815113,5473614,4036927,304572,68132,65559,87.41,48.75,35.95,2.71,5838,14818,0.132
Dominican Republic,DOM,27/07/2021,9904559,5491708,4088555,324296,89446,65060,88.21,48.91,36.41,2.89,5794,14462,0.129
Dominican Republic,DOM,28/07/2021,9992472,5508883,4139202,344387,87913,63733,88.99,49.06,36.86,3.07,5676,13873,0.124
Dominican Republic,DOM,29/07/2021,10060830,5524571,4174568,361691,68358,60472,89.6,49.2,37.18,3.22,5385,13214,0.118
Dominican Republic,DOM,30/07/2021,10119930,5538092,4205772,376066,59100,57836,90.12,49.32,37.46,3.35,5151,12477,0.111
Dominican Republic,DOM,31/07/2021,10140333,5543146,4215901,381286,20403,57009,90.31,49.37,37.55,3.4,5077,12160,0.108
Dominican Republic,DOM,01/08/2021,10148305,5545143,4219737,383425,7972,57332,90.38,49.38,37.58,3.41,5106,12252,0.109
Dominican Republic,DOM,02/08/2021,10206054,5558518,4250852,396684,57749,55849,90.89,49.5,37.86,3.53,4974,12129,0.108
Dominican Republic,DOM,03/08/2021,10266837,5572496,4282396,411945,60783,51754,91.43,49.63,38.14,3.67,4609,11541,0.103
Dominican Republic,DOM,04/08/2021,10326939,5586823,4312006,428110,60102,47781,91.97,49.75,38.4,3.81,4255,11134,0.099
Dominican Republic,DOM,05/08/2021,10381459,5600470,4337509,443480,54520,45804,92.45,49.88,38.63,3.95,4079,10843,0.097
Dominican Republic,DOM,06/08/2021,10426989,5612488,4358673,455828,45530,43866,92.86,49.98,38.82,4.06,3907,10628,0.095
Dominican Republic,DOM,07/08/2021,10444741,5617370,4366182,461189,17752,43487,93.02,50.03,38.88,4.11,3873,10603,0.094
Dominican Republic,DOM,08/08/2021,10452130,5619234,4369473,463423,7389,43404,93.08,50.04,38.91,4.13,3865,10584,0.094
Dominican Republic,DOM,09/08/2021,10500107,5631732,4391693,476682,47977,42008,93.51,50.15,39.11,4.25,3741,10459,0.093
Dominican Republic,DOM,10/08/2021,10554023,5645781,4417043,491199,53916,41027,93.99,50.28,39.34,4.37,3654,10469,0.093
Dominican Republic,DOM,11/08/2021,10581472,5652804,4429487,499181,27449,36362,94.23,50.34,39.45,4.45,3238,9426,0.084
Dominican Republic,DOM,12/08/2021,10601438,5657720,4438630,505088,19966,31426,94.41,50.39,39.53,4.5,2799,8179,0.073
Dominican Republic,DOM,13/08/2021,10638203,5667626,4455264,515313,36765,30173,94.74,50.47,39.68,4.59,2687,7877,0.07
Dominican Republic,DOM,14/08/2021,10652029,5671374,4461013,519642,13826,29613,94.86,50.51,39.73,4.63,2637,7715,0.069
Dominican Republic,DOM,15/08/2021,10656985,5672584,4462896,521505,4956,29265,94.91,50.52,39.75,4.64,2606,7621,0.068
Dominican Republic,DOM,16/08/2021,10658318,5672922,4463319,522077,1333,22602,94.92,50.52,39.75,4.65,2013,5884,0.052
Dominican Republic,DOM,17/08/2021,10697563,5683833,4480873,532857,39245,20506,95.27,50.62,39.91,4.75,1826,5436,0.048
Dominican Republic,DOM,18/08/2021,10743683,5696721,4501030,545932,46120,23173,95.68,50.73,40.08,4.86,2064,6274,0.056
Dominican Republic,DOM,19/08/2021,10789568,5709646,4520504,559418,45885,26876,96.09,50.85,40.26,4.98,2393,7418,0.066
Dominican Republic,DOM,20/08/2021,10825861,5719571,4534518,571772,36293,26808,96.41,50.94,40.38,5.09,2387,7421,0.066
Dominican Republic,DOM,21/08/2021,10841175,5723752,4540737,576686,15314,27021,96.55,50.97,40.44,5.14,2406,7483,0.067
Dominican Republic,DOM,22/08/2021,10847153,5725316,4543100,578737,5978,27167,96.6,50.99,40.46,5.15,2419,7533,0.067
Dominican Republic,DOM,23/08/2021,10888847,5737876,4559262,591709,41694,32933,96.97,51.1,40.6,5.27,2933,9279,0.083
Dominican Republic,DOM,24/08/2021,10932809,5751312,4576556,604941,43962,33607,97.36,51.22,40.76,5.39,2993,9640,0.086
Dominican Republic,DOM,25/08/2021,10978304,5764675,4594526,619103,45495,33517,97.77,51.34,40.92,5.51,2985,9708,0.086
Dominican Republic,DOM,26/08/2021,11019655,5776328,4609868,633459,41351,32870,98.14,51.44,41.05,5.64,2927,9526,0.085
Dominican Republic,DOM,27/08/2021,11057138,5787089,4623226,646823,37483,33040,98.47,51.54,41.17,5.76,2942,9645,0.086
Dominican Republic,DOM,28/08/2021,11070842,5790794,4628273,651775,13704,32810,98.59,51.57,41.22,5.8,2922,9577,0.085
Dominican Republic,DOM,29/08/2021,11075514,5792064,4629910,653540,4672,32623,98.63,51.58,41.23,5.82,2905,9535,0.085
Dominican Republic,DOM,30/08/2021,11111548,5802974,4643779,664795,36034,31814,98.96,51.68,41.36,5.92,2833,9300,0.083
Dominican Republic,DOM,31/08/2021,11152044,5815574,4658577,677893,40496,31319,99.32,51.79,41.49,6.04,2789,9180,0.082
Dominican Republic,DOM,01/09/2021,11189420,5827045,4671784,690591,37376,30159,99.65,51.89,41.61,6.15,2686,8910,0.079
Dominican Republic,DOM,02/09/2021,11227165,5838647,4684130,704388,37745,29644,99.99,52,41.72,6.27,2640,8903,0.079
Dominican Republic,DOM,03/09/2021,11260092,5848770,4694576,716746,32927,28993,100.28,52.09,41.81,6.38,2582,8812,0.078
Dominican Republic,DOM,04/09/2021,11272011,5852088,4698661,721262,11919,28738,100.38,52.12,41.84,6.42,2559,8756,0.078
Dominican Republic,DOM,05/09/2021,11275956,5853238,4699926,722792,3945,28635,100.42,52.13,41.86,6.44,2550,8739,0.078
Dominican Republic,DOM,06/09/2021,11308808,5864778,4710022,734008,32852,28180,100.71,52.23,41.95,6.54,2510,8829,0.079
Dominican Republic,DOM,07/09/2021,11344569,5876522,4721182,746865,35761,27504,101.03,52.33,42.05,6.65,2449,8707,0.078
Dominican Republic,DOM,08/09/2021,11382125,5888643,4733550,759932,37556,27529,101.37,52.44,42.16,6.77,2452,8800,0.078
Dominican Republic,DOM,09/09/2021,11414350,5899155,4744602,770593,32225,26741,101.65,52.54,42.25,6.86,2381,8644,0.077
Dominican Republic,DOM,10/09/2021,11444402,5908816,4754536,781050,30052,26330,101.92,52.62,42.34,6.96,2345,8578,0.076
Dominican Republic,DOM,11/09/2021,11455267,5912118,4757982,785167,10865,26179,102.02,52.65,42.37,6.99,2331,8576,0.076
Dominican Republic,DOM,12/09/2021,11458752,5913137,4759116,786499,3485,26114,102.05,52.66,42.38,7,2326,8557,0.076
Dominican Republic,DOM,13/09/2021,11489112,5923466,4769499,796147,30360,25758,102.32,52.75,42.48,7.09,2294,8384,0.075
Dominican Republic,DOM,14/09/2021,11521256,5934452,4780400,806404,32144,25241,102.6,52.85,42.57,7.18,2248,8276,0.074
Dominican Republic,DOM,15/09/2021,11552920,5945357,4791169,816394,31664,24399,102.89,52.95,42.67,7.27,2173,8102,0.072
Dominican Republic,DOM,16/09/2021,11585713,5957432,4802290,825991,32793,24480,103.18,53.05,42.77,7.36,2180,8325,0.074
Dominican Republic,DOM,17/09/2021,11620587,5970547,4813036,837004,34874,25169,103.49,53.17,42.86,7.45,2241,8819,0.079
Dominican Republic,DOM,18/09/2021,11632704,5974744,4816740,841220,12117,25348,103.6,53.21,42.9,7.49,2257,8947,0.08
Dominican Republic,DOM,19/09/2021,11637410,5976376,4818161,842873,4706,25523,103.64,53.22,42.91,7.51,2273,9034,0.08
Dominican Republic,DOM,20/09/2021,11672207,5990085,4828158,853964,34797,26156,103.95,53.35,43,7.61,2329,9517,0.085
Dominican Republic,DOM,21/09/2021,11708653,6002963,4839454,866236,36446,26771,104.27,53.46,43.1,7.71,2384,9787,0.087
Dominican Republic,DOM,22/09/2021,11741680,6014185,4849827,877668,33027,26966,104.57,53.56,43.19,7.82,2401,9833,0.088
Dominican Republic,DOM,23/09/2021,11774063,6024702,4860422,888939,32383,26907,104.86,53.65,43.29,7.92,2396,9610,0.086
Dominican Republic,DOM,24/09/2021,11782825,6027322,4862748,892755,8762,23177,104.93,53.68,43.31,7.95,2064,8111,0.072
Dominican Republic,DOM,25/09/2021,11793493,6030532,4866030,896931,10668,22970,105.03,53.71,43.34,7.99,2046,7970,0.071
Dominican Republic,DOM,26/09/2021,11798933,6032542,4867470,898921,5440,23075,105.08,53.72,43.35,8.01,2055,8024,0.071
Dominican Republic,DOM,27/09/2021,11828826,6042570,4877470,908786,29893,22374,105.34,53.81,43.44,8.09,1993,7498,0.067
Dominican Republic,DOM,28/09/2021,11859802,6052230,4887765,919807,30976,21593,105.62,53.9,43.53,8.19,1923,7038,0.063
Dominican Republic,DOM,29/09/2021,11889265,6060747,4897590,930928,29463,21084,105.88,53.97,43.62,8.29,1878,6652,0.059
Dominican Republic,DOM,30/09/2021,11919643,6069351,4907894,942398,30378,20797,106.15,54.05,43.71,8.39,1852,6378,0.057
Dominican Republic,DOM,01/10/2021,11946808,6077562,4916798,952448,27165,23426,106.39,54.12,43.79,8.48,2086,7177,0.064
Dominican Republic,DOM,02/10/2021,11958229,6080965,4920361,956903,11421,23534,106.5,54.15,43.82,8.52,2096,7205,0.064
Dominican Republic,DOM,03/10/2021,11962034,6082093,4921450,958491,3805,23300,106.53,54.17,43.83,8.54,2075,7079,0.063
Dominican Republic,DOM,04/10/2021,11984797,6089400,4928726,966671,22763,22282,106.73,54.23,43.89,8.61,1984,6690,0.06
Dominican Republic,DOM,05/10/2021,12014512,6098359,4938094,978059,29715,22101,107,54.31,43.98,8.71,1968,6590,0.059
Dominican Republic,DOM,06/10/2021,12043368,6107063,4947154,989151,28856,22015,107.25,54.39,44.06,8.81,1961,6617,0.059
Dominican Republic,DOM,07/10/2021,12072407,6115991,4956157,1000259,29039,21823,107.51,54.47,44.14,8.91,1943,6663,0.059
Dominican Republic,DOM,08/10/2021,12098704,6123862,4964932,1009910,26297,21699,107.75,54.54,44.22,8.99,1932,6614,0.059
Dominican Republic,DOM,09/10/2021,12116572,6130558,4970581,1015433,17868,22620,107.91,54.6,44.27,9.04,2014,7085,0.063
Dominican Republic,DOM,10/10/2021,12125221,6134235,4973191,1017795,8649,23312,107.98,54.63,44.29,9.06,2076,7449,0.066
Dominican Republic,DOM,11/10/2021,12174532,6155094,4988709,1030729,49311,27105,108.42,54.82,44.43,9.18,2414,9385,0.084
Dominican Republic,DOM,12/10/2021,12229780,6177844,5006400,1045536,55248,30753,108.91,55.02,44.59,9.31,2739,11355,0.101
Dominican Republic,DOM,13/10/2021,12291745,6202706,5027184,1061855,61965,35482,109.47,55.24,44.77,9.46,3160,13663,0.122
Dominican Republic,DOM,14/10/2021,12363423,6234415,5050180,1078828,71678,41574,110.1,55.52,44.98,9.61,3702,16918,0.151
Dominican Republic,DOM,15/10/2021,12434612,6270413,5071130,1093069,71189,47987,110.74,55.84,45.16,9.73,4274,20936,0.186
Dominican Republic,DOM,16/10/2021,12472126,6290568,5082077,1099481,37514,50793,111.07,56.02,45.26,9.79,4523,22859,0.204
Dominican Republic,DOM,17/10/2021,12495015,6304282,5088396,1102337,22889,52828,111.28,56.14,45.32,9.82,4705,24292,0.216
Dominican Republic,DOM,18/10/2021,12610761,6372529,5121120,1117112,115746,62318,112.31,56.75,45.61,9.95,5550,31062,0.277
Dominican Republic,DOM,19/10/2021,12738389,6449174,5158185,1131030,127628,72658,113.44,57.43,45.94,10.07,6471,38761,0.345
Dominican Republic,DOM,20/10/2021,12852649,6515080,5190840,1146729,114260,80129,114.46,58.02,46.23,10.21,7136,44625,0.397
Dominican Republic,DOM,21/10/2021,12948213,6566518,5220779,1160916,95564,83541,115.31,58.48,46.49,10.34,7440,47443,0.423
Dominican Republic,DOM,22/10/2021,13020830,6605259,5242777,1172794,72617,83745,115.96,58.82,46.69,10.44,7458,47835,0.426
Dominican Republic,DOM,23/10/2021,13046499,6618207,5250652,1177640,25669,82053,116.19,58.94,46.76,10.49,7307,46806,0.417
Dominican Republic,DOM,24/10/2021,13055947,6623121,5253400,1179426,9448,80133,116.27,58.98,46.78,10.5,7136,45548,0.406
Dominican Republic,DOM,25/10/2021,13110383,6651836,5269681,1188866,54436,71375,116.76,59.24,46.93,10.59,6356,39901,0.355
Dominican Republic,DOM,26/10/2021,13161106,6676563,5286037,1198506,50723,60388,117.21,59.46,47.08,10.67,5378,32484,0.289
Dominican Republic,DOM,27/10/2021,13201730,6695112,5299671,1206947,40624,49869,117.57,59.62,47.2,10.75,4441,25719,0.229
Dominican Republic,DOM,28/10/2021,13236577,6710320,5311756,1214501,34847,41195,117.88,59.76,47.3,10.82,3669,20543,0.183
Dominican Republic,DOM,29/10/2021,13262583,6722034,5320460,1220089,26006,34536,118.11,59.86,47.38,10.87,3076,16682,0.149
Dominican Republic,DOM,30/10/2021,13273805,6726548,5324573,1222684,11222,32472,118.21,59.9,47.42,10.89,2892,15477,0.138
Dominican Republic,DOM,31/10/2021,13277959,6728113,5326123,1223723,4154,31716,118.25,59.92,47.43,10.9,2825,14999,0.134
Dominican Republic,DOM,01/11/2021,13305958,6740194,5336379,1229385,27999,27939,118.5,60.03,47.52,10.95,2488,12623,0.112
Dominican Republic,DOM,02/11/2021,13335439,6751310,5348254,1235875,29481,24905,118.76,60.12,47.63,11.01,2218,10678,0.095
Dominican Republic,DOM,03/11/2021,13362571,6760871,5359699,1242001,27132,22977,119,60.21,47.73,11.06,2046,9394,0.084
Dominican Republic,DOM,04/11/2021,13389054,6769430,5371508,1248116,26483,21782,119.24,60.29,47.84,11.12,1940,8444,0.075
Dominican Republic,DOM,05/11/2021,13412773,6776919,5382559,1253295,23719,21456,119.45,60.35,47.94,11.16,1911,7841,0.07
Dominican Republic,DOM,06/11/2021,13418338,6778584,5385106,1254648,5565,20648,119.5,60.37,47.96,11.17,1839,7434,0.066
Dominican Republic,DOM,07/11/2021,13421922,6779553,5386906,1255463,3584,20566,119.53,60.38,47.97,11.18,1832,7349,0.065
Dominican Republic,DOM,08/11/2021,13450451,6788320,5401661,1260470,28529,20642,119.79,60.45,48.11,11.23,1838,6875,0.061
Dominican Republic,DOM,09/11/2021,13480235,6796631,5417869,1265735,29784,20685,120.05,60.53,48.25,11.27,1842,6474,0.058
Dominican Republic,DOM,10/11/2021,13507863,6803863,5433312,1270688,27628,20756,120.3,60.59,48.39,11.32,1848,6142,0.055
Dominican Republic,DOM,11/11/2021,13534391,6810375,5448530,1275486,26528,20762,120.53,60.65,48.52,11.36,1849,5849,0.052
Dominican Republic,DOM,12/11/2021,13556789,6816238,5460820,1279731,22398,20574,120.73,60.7,48.63,11.4,1832,5617,0.05
Dominican Republic,DOM,13/11/2021,13565998,6818418,5465964,1281616,9209,21094,120.81,60.72,48.68,11.41,1879,5691,0.051
Dominican Republic,DOM,14/11/2021,13569866,6819570,5467873,1282423,3868,21135,120.85,60.73,48.69,11.42,1882,5717,0.051
Dominican Republic,DOM,15/11/2021,13594483,6826229,5481481,1286773,24617,20576,121.07,60.79,48.82,11.46,1832,5416,0.048
Dominican Republic,DOM,16/11/2021,13621646,6832340,5497449,1291857,27163,20202,121.31,60.85,48.96,11.5,1799,5101,0.045
Dominican Republic,DOM,17/11/2021,13645417,6838668,5510323,1296426,23771,19651,121.52,60.9,49.07,11.55,1750,4972,0.044
Dominican Republic,DOM,18/11/2021,NA,NA,NA,NA,NA,18086,NA,NA,NA,NA,1611,4315,0.038
Dominican Republic,DOM,19/11/2021,13676567,6842495,5529473,1304599,NA,17111,121.8,60.94,49.24,11.62,1524,3751,0.033
Dominican Republic,DOM,20/11/2021,13683852,6844199,5533108,1306545,7285,16836,121.86,60.95,49.28,11.64,1499,3683,0.033
Dominican Republic,DOM,21/11/2021,13687260,6844994,5534706,1307560,3408,16771,121.89,60.96,49.29,11.64,1494,3632,0.032
Dominican Republic,DOM,22/11/2021,13707991,6850198,5545879,1311914,20731,16215,122.08,61.01,49.39,11.68,1444,3424,0.03
Dominican Republic,DOM,23/11/2021,13728071,6853470,5558129,1316472,20080,15204,122.26,61.03,49.5,11.72,1354,3019,0.027
Dominican Republic,DOM,24/11/2021,13744109,6857695,5565330,1321084,16038,14099,122.4,61.07,49.56,11.77,1256,2718,0.024
Dominican Republic,DOM,25/11/2021,13759792,6861368,5573716,1324708,15683,14114,122.54,61.1,49.64,11.8,1257,2970,0.026
Dominican Republic,DOM,26/11/2021,13772879,6864648,5580500,1327731,13087,13759,122.66,61.13,49.7,11.82,1225,3165,0.028
Dominican Republic,DOM,27/11/2021,13778350,6866072,5583029,1329249,5471,13500,122.71,61.15,49.72,11.84,1202,3125,0.028
Dominican Republic,DOM,28/11/2021,13780512,6866632,5583974,1329906,2162,13322,122.72,61.15,49.73,11.84,1186,3091,0.028
Dominican Republic,DOM,29/11/2021,13798631,6871684,5592459,1334488,18119,12949,122.89,61.2,49.8,11.88,1153,3069,0.027
Dominican Republic,DOM,30/11/2021,13816937,6875984,5601216,1339737,18306,12695,123.05,61.24,49.88,11.93,1131,3216,0.029
Dominican Republic,DOM,01/12/2021,13832651,6879735,5608755,1344161,15714,12649,123.19,61.27,49.95,11.97,1126,3149,0.028
Dominican Republic,DOM,02/12/2021,13840602,6881125,5610578,1348899,7951,11544,123.26,61.28,49.97,12.01,1028,2822,0.025
Dominican Republic,DOM,03/12/2021,13860953,6889377,5617498,1354078,20351,12582,123.44,61.35,50.03,12.06,1121,3533,0.031
Dominican Republic,DOM,04/12/2021,13866766,6890583,5619966,1356217,5813,12631,123.49,61.37,50.05,12.08,1125,3502,0.031
Dominican Republic,DOM,05/12/2021,13868812,6891011,5620848,1356953,2046,12614,123.51,61.37,50.06,12.08,1123,3483,0.031
Dominican Republic,DOM,06/12/2021,13884028,6894668,5627360,1362000,15216,12200,123.65,61.4,50.12,12.13,1086,3283,0.029
Dominican Republic,DOM,07/12/2021,13899270,6898664,5633639,1366967,15242,11762,123.78,61.44,50.17,12.17,1047,3240,0.029
Dominican Republic,DOM,08/12/2021,13912991,6901796,5639648,1371547,13721,11477,123.9,61.47,50.22,12.21,1022,3152,0.028
Dominican Republic,DOM,09/12/2021,NA,NA,NA,NA,NA,12273,NA,NA,NA,NA,1093,3541,0.032
Dominican Republic,DOM,10/12/2021,13940037,6910029,5650591,1379417,NA,11298,124.15,61.54,50.32,12.28,1006,2950,0.026
Dominican Republic,DOM,11/12/2021,13943820,6910906,5651988,1380926,3783,11008,124.18,61.55,50.33,12.3,980,2903,0.026
Dominican Republic,DOM,12/12/2021,13945195,6911177,5652556,1381462,1375,10912,124.19,61.55,50.34,12.3,972,2881,0.026
Dominican Republic,DOM,13/12/2021,13954713,6912228,5657819,1384666,9518,10098,124.28,61.56,50.39,12.33,899,2509,0.022
Dominican Republic,DOM,14/12/2021,13965662,6914602,5662746,1388314,10949,9485,124.37,61.58,50.43,12.36,845,2277,0.02
Dominican Republic,DOM,15/12/2021,13975553,6916929,5667100,1391524,9891,8937,124.46,61.6,50.47,12.39,796,2162,0.019
Dominican Republic,DOM,16/12/2021,13986393,6919616,5672049,1394728,10840,8554,124.56,61.62,50.51,12.42,762,1958,0.017
Dominican Republic,DOM,17/12/2021,13998161,6922834,5677283,1398044,11768,8303,124.66,61.65,50.56,12.45,739,1829,0.016
Dominican Republic,DOM,18/12/2021,14001048,6923416,5678445,1399187,2887,8175,124.69,61.66,50.57,12.46,728,1787,0.016
Dominican Republic,DOM,19/12/2021,14002233,6923711,5678863,1399659,1185,8148,124.7,61.66,50.57,12.46,726,1791,0.016
Dominican Republic,DOM,20/12/2021,14010227,6925553,5681607,1403067,7994,7931,124.77,61.68,50.6,12.5,706,1904,0.017
Dominican Republic,DOM,21/12/2021,NA,NA,NA,NA,NA,7834,NA,NA,NA,NA,698,2017,0.018
Dominican Republic,DOM,22/12/2021,14030778,6931885,5688369,1410524,NA,7889,124.95,61.73,50.66,12.56,703,2137,0.019
Dominican Republic,DOM,23/12/2021,14034756,6932705,5689842,1412209,3978,6909,124.99,61.74,50.67,12.58,615,1870,0.017
Dominican Republic,DOM,24/12/2021,14035619,6932889,5690156,1412574,863,5351,125,61.74,50.67,12.58,477,1436,0.013
Dominican Republic,DOM,25/12/2021,NA,NA,NA,NA,NA,5274,NA,NA,NA,NA,470,1417,0.013
Dominican Republic,DOM,26/12/2021,NA,NA,NA,NA,NA,5440,NA,NA,NA,NA,484,1438,0.013
Dominican Republic,DOM,27/12/2021,14042660,6934218,5692235,1416207,NA,4633,125.06,61.75,50.69,12.61,413,1238,0.011
Dominican Republic,DOM,28/12/2021,14057252,6935718,5694921,1426613,14592,5250,125.19,61.77,50.72,12.7,468,1000,0.009
Dominican Republic,DOM,29/12/2021,14072960,6937243,5697773,1437944,15708,6026,125.33,61.78,50.74,12.81,537,765,0.007
Dominican Republic,DOM,30/12/2021,14083303,6938229,5699050,1446024,10343,6935,125.42,61.79,50.75,12.88,618,789,0.007
Dominican Republic,DOM,31/12/2021,14086551,6938596,5699587,1448368,3248,7276,125.45,61.79,50.76,12.9,648,815,0.007
Dominican Republic,DOM,01/01/2022,14087055,6938638,5699664,1448753,504,7013,125.45,61.79,50.76,12.9,625,758,0.007
Dominican Republic,DOM,02/01/2022,14088487,6938810,5699843,1449834,1432,6882,125.47,61.79,50.76,12.91,613,719,0.006
Dominican Republic,DOM,03/01/2022,14107896,6941384,5703471,1462639,19409,9319,125.64,61.82,50.79,13.03,830,1024,0.009
Dominican Republic,DOM,04/01/2022,14136018,6945679,5709667,1479881,28122,11252,125.89,61.86,50.85,13.18,1002,1423,0.013
Dominican Republic,DOM,05/01/2022,14159144,6947946,5713518,1496388,23126,12312,126.1,61.88,50.88,13.33,1096,1529,0.014
Dominican Republic,DOM,06/01/2022,14181824,6950489,5717501,1511750,22680,14074,126.3,61.9,50.92,13.46,1253,1751,0.016
Dominican Republic,DOM,07/01/2022,14202751,6952665,5721101,1525921,20927,16600,126.48,61.92,50.95,13.59,1478,2010,0.018
Dominican Republic,DOM,08/01/2022,14211317,6953635,5722555,1531679,8566,17752,126.56,61.93,50.96,13.64,1581,2142,0.019
Dominican Republic,DOM,09/01/2022,14214590,6953963,5723047,1533888,3273,18015,126.59,61.93,50.97,13.66,1604,2165,0.019
Dominican Republic,DOM,10/01/2022,14221130,6954787,5724174,1538083,6540,16176,126.65,61.94,50.98,13.7,1441,1915,0.017
Dominican Republic,DOM,11/01/2022,14247782,6958280,5728829,1555140,26652,15966,126.89,61.97,51.02,13.85,1422,1800,0.016
Dominican Republic,DOM,12/01/2022,14274313,6960926,5732824,1573651,26531,16453,127.12,61.99,51.05,14.01,1465,1854,0.017
Dominican Republic,DOM,13/01/2022,14302345,6963769,5737167,1592705,28032,17217,127.37,62.02,51.09,14.18,1533,1897,0.017
Dominican Republic,DOM,14/01/2022,14326876,6966253,5740955,1609336,24531,17732,127.59,62.04,51.13,14.33,1579,1941,0.017
Dominican Republic,DOM,15/01/2022,14336137,6967123,5742268,1615745,9261,17831,127.67,62.05,51.14,14.39,1588,1927,0.017
Dominican Republic,DOM,16/01/2022,14339630,6967468,5742774,1618069,3493,17863,127.7,62.05,51.14,14.41,1591,1929,0.017
Dominican Republic,DOM,17/01/2022,14366533,6970560,5747090,1635948,26903,20772,127.94,62.08,51.18,14.57,1850,2253,0.02
Dominican Republic,DOM,18/01/2022,14396907,6973299,5751304,1657483,30374,21304,128.21,62.1,51.22,14.76,1897,2146,0.019
Dominican Republic,DOM,19/01/2022,NA,NA,NA,NA,NA,22008,NA,NA,NA,NA,1960,2155,0.019
Dominican Republic,DOM,20/01/2022,14459835,6978724,5759874,1702948,NA,22499,128.77,62.15,51.3,15.17,2004,2136,0.019
Dominican Republic,DOM,21/01/2022,14466737,6979245,5760761,1708003,6902,19980,128.84,62.15,51.3,15.21,1779,1856,0.017
Dominican Republic,DOM,22/01/2022,14475068,6979917,5761773,1714020,8331,19847,128.91,62.16,51.31,15.26,1768,1828,0.016
Dominican Republic,DOM,23/01/2022,14479747,6980405,5762449,1717262,4679,20017,128.95,62.17,51.32,15.29,1783,1848,0.016
Dominican Republic,DOM,24/01/2022,14486398,6980938,5763319,1721998,6651,17124,129.01,62.17,51.33,15.34,1525,1483,0.013
Dominican Republic,DOM,25/01/2022,14525084,6984768,5769230,1748780,38686,18311,129.36,62.2,51.38,15.57,1631,1638,0.015
Dominican Republic,DOM,26/01/2022,14569305,6988100,5774497,1782404,44221,20133,129.75,62.23,51.43,15.87,1793,1727,0.015
Dominican Republic,DOM,27/01/2022,14619342,6991107,5779813,1821870,50037,22787,130.19,62.26,51.47,16.22,2029,1769,0.016
Dominican Republic,DOM,28/01/2022,14680026,6994292,5785462,1871608,60684,30470,130.74,62.29,51.52,16.67,2714,2150,0.019
Dominican Republic,DOM,29/01/2022,14705863,6995481,5787787,1893088,25837,32971,130.97,62.3,51.54,16.86,2936,2223,0.02
Dominican Republic,DOM,30/01/2022,14722610,6996090,5789094,1907481,16747,34695,131.11,62.3,51.56,16.99,3090,2241,0.02
Dominican Republic,DOM,31/01/2022,14773753,6999277,5794606,1948527,51143,41051,131.57,62.33,51.6,17.35,3656,2620,0.023
Dominican Republic,DOM,01/02/2022,NA,NA,NA,NA,NA,41962,NA,NA,NA,NA,3737,2519,0.022
Dominican Republic,DOM,02/02/2022,14863885,7005519,5806741,2016535,NA,42083,132.37,62.39,51.71,17.96,3748,2488,0.022
Dominican Republic,DOM,03/02/2022,14895225,7008111,5811643,2038865,31340,39412,132.65,62.41,51.76,18.16,3510,2429,0.022
Dominican Republic,DOM,04/02/2022,14921776,7010239,5815779,2057687,26551,34536,132.89,62.43,51.79,18.33,3076,2278,0.02
Dominican Republic,DOM,05/02/2022,14933777,7011201,5817561,2066178,12001,32559,133,62.44,51.81,18.4,2900,2246,0.02
Dominican Republic,DOM,06/02/2022,14938025,7011592,5818265,2069055,4248,30774,133.03,62.44,51.82,18.43,2741,2215,0.02
Dominican Republic,DOM,07/02/2022,14962295,7013826,5822454,2085399,24270,26935,133.25,62.46,51.85,18.57,2399,2078,0.019
Dominican Republic,DOM,08/02/2022,14986446,7016026,5826518,2101913,24151,23947,133.46,62.48,51.89,18.72,2133,1947,0.017
Dominican Republic,DOM,09/02/2022,15010061,7018134,5830645,2117702,23615,20882,133.67,62.5,51.93,18.86,1860,1802,0.016
Dominican Republic,DOM,10/02/2022,15031175,7020063,5834345,2131695,21114,19421,133.86,62.52,51.96,18.98,1730,1707,0.015
Dominican Republic,DOM,11/02/2022,15050637,7021901,5837594,2144772,19462,18409,134.04,62.53,51.99,19.1,1639,1666,0.015
Dominican Republic,DOM,12/02/2022,15058124,7022543,5838761,2149940,7487,17764,134.1,62.54,52,19.15,1582,1620,0.014
Dominican Republic,DOM,13/02/2022,15061149,7022854,5839347,2151901,3025,17589,134.13,62.54,52,19.16,1566,1609,0.014
Dominican Republic,DOM,14/02/2022,15082676,7033134,5841497,2160124,21527,17197,134.32,62.63,52.02,19.24,1532,2758,0.025
Dominican Republic,DOM,15/02/2022,15107392,7043796,5844147,2170527,24716,17278,134.54,62.73,52.05,19.33,1539,3967,0.035
Dominican Republic,DOM,16/02/2022,15135472,7056133,5846951,2182393,28080,17916,134.79,62.84,52.07,19.44,1596,5428,0.048
Dominican Republic,DOM,17/02/2022,15155432,7068158,5848497,2187766,19960,17751,134.97,62.95,52.08,19.48,1581,6871,0.061
Dominican Republic,DOM,18/02/2022,15169489,7076169,5849687,2191762,14057,16979,135.09,63.02,52.1,19.52,1512,7753,0.069
Dominican Republic,DOM,19/02/2022,15172647,7076726,5850128,2193455,3158,16360,135.12,63.02,52.1,19.53,1457,7740,0.069
Dominican Republic,DOM,20/02/2022,15173539,7076809,5850286,2193960,892,16056,135.13,63.02,52.1,19.54,1430,7708,0.069
Dominican Republic,DOM,21/02/2022,15186519,7084842,5851397,2197043,12980,14835,135.25,63.1,52.11,19.57,1321,7387,0.066
Dominican Republic,DOM,22/02/2022,15202196,7094931,5852617,2200632,15677,13543,135.39,63.19,52.12,19.6,1206,7305,0.065
Dominican Republic,DOM,23/02/2022,15216502,7103309,5853859,2204431,14306,11576,135.51,63.26,52.13,19.63,1031,6739,0.06
Dominican Republic,DOM,24/02/2022,15229197,7110411,5855045,2207948,12695,10538,135.63,63.32,52.14,19.66,938,6036,0.054
Dominican Republic,DOM,25/02/2022,15238429,7114465,5856392,2210972,9232,9849,135.71,63.36,52.16,19.69,877,5471,0.049
Dominican Republic,DOM,26/02/2022,15241134,7114785,5856911,2212363,2705,9784,135.73,63.36,52.16,19.7,871,5437,0.048
Dominican Republic,DOM,27/02/2022,15241935,7114880,5857078,2212774,801,9771,135.74,63.36,52.16,19.71,870,5439,0.048
Dominican Republic,DOM,28/02/2022,15252198,7119929,5858333,2215867,10263,9383,135.83,63.41,52.17,19.73,836,5012,0.045
Dominican Republic,DOM,01/03/2022,NA,NA,NA,NA,NA,8737,NA,NA,NA,NA,778,4294,0.038